{ "columns":0,
 "grid":
    {
     "height":1,
     "orientation":"orthogonal",
     "width":1
    },
 "margin":0,
 "name":"thing",
 "spacing":0,
 "tilecount":1,
 "tileheight":5000,
 "tiles":
    {
     "1":
        {
         "image":"flat_floor.jpg",
         "imageheight":5000,
         "imagewidth":3800,
         "objectgroup":
            {
             "draworder":"index",
             "name":"",
             "objects":[
                    {
                     "height":57.623049219688,
                     "id":1,
                     "name":"",
                     "rotation":0,
                     "type":"",
                     "visible":true,
                     "width":722.689075630252,
                     "x":-2.40096038415368,
                     "y":638.457382953181
                    }, 
                    {
                     "height":57.6230396158463,
                     "id":3,
                     "name":"",
                     "rotation":0,
                     "type":"",
                     "visible":true,
                     "width":1378.15118487395,
                     "x":1160.86438355342,
                     "y":639.855947178872
                    }, 
                    {
                     "height":55.2220792316926,
                     "id":4,
                     "name":"",
                     "rotation":0,
                     "type":"",
                     "visible":true,
                     "width":869.146398559423,
                     "x":2931.57325930372,
                     "y":642.256907563025
                    }],
             "opacity":1,
             "type":"objectgroup",
             "visible":true,
             "x":0,
             "y":0
            }
        }
    },
 "tilewidth":3800,
 "type":"tileset"
}